old,new,bucket
13312890_1364959343517951_9080943046825273669_n.jpg,Photograph - Demonstrator With Tennis Racket And Smoke Bomb At Protest by Stephane Mahe.jpg,
1608049386365.jpg,Photograph - Aerial View of Sprawling City with Mountains and Tower.jpg,
1608050187498.jpg,Photograph - Repetitive Pattern of Balconies on a Building Facade.jpg,
1608050657450.jpg,Photograph - Dense Aerial View of Reddish-Brown Buildings with Lit Windows.jpg,
1614993502766.jpg,Photograph - City Buildings at Night with Heart Shape in Windows.jpg,
1615242020717.jpg,Photograph - Black and White Photo of Figure Buried Headfirst in Snow.jpg,
1615847487953.jpg,Photograph - Woody Allen Levitation Scene From Stardust Memories.jpg,
1616822089280.jpg,Photograph - Military Tank in Sunflower Field Under Blue Sky.jpg,
1618631656045.png,Photograph - Man Walking Through Foggy Street With Sun Rays by Trent Parke.png,
1619010021998.jpg,"Illustration - Man in Red Chair Facing TV, Others Behind.jpg",
1619344697848.jpg,"Photograph - Person Aiming Revolver, American Flag In Background by Larry Clark.jpg",
1620317328750.jpg,Photograph - Rack of Black Clothing Against a Light Blue Wall.jpg,
1620560658201.jpg,Photograph - Lawson Convenience Store with Mount Fuji in Background.jpg,
1624667832813.jpg,Photograph - Cat Bathed in Rainbow Light.jpg,
1624722983509.jpg,Photograph - Rolling Hills With Green And Golden Grass Under Cloudy Sky.jpg,
1629798633933.jpg,Ready for the House by Jandek (1978).jpg,
1630976204036.png,Photograph - Vast Solar Panel Array Covering a Mountainous Hillside.png,
1631304722945.jpg,Photograph - Carrie-Anne Moss as Trinity in The Matrix.jpg,
1632603715489.jpg,"Whenever, If Ever by The World Is a Beautiful Place & I Am No Longer Afraid to Die (2013).jpg",
1633390849810.jpg,Photograph - Aerial View of World Trade Center Twin Towers and Surrounding City.jpg,
1633394282738.jpg,Photograph - Buddhist Monk Thích Quảng Đức Self-Immolating in Saigon by Malcolm Browne.jpg,
1634951759837.jpg,Wavvves by Wavves (2009).jpg,
1635192301574.jpg,Photograph - Black and White Photograph of a Hand with Glitter and Ring.jpg,
1635192445509.jpg,Photograph - Martin Scorsese and Robert De Niro on the set of Taxi Driver by Steve Schapiro.jpg,
1635193087315.png,Photograph - Man Sitting On Chair Underwater In Swimming Pool.png,
1635198645793.jpg,Photograph - Tove Jansson Looking Through a Telescope Outdoors.jpg,
1635209451765.jpg,Photograph - Cyberman Smoking Cigarette Behind The Scenes.jpg,
1635296508825.jpg,Photograph - Sumo Wrestlers Posing In A Field Of Sunflowers by Katsuaki.jpg,
1637297375422.jpg,Photograph - Close-Up of Ornate Dragon Figurine with Glowing Red Eyes.jpg,
1638461182537.jpg,"Image - Dark Room, PlayStation 2 Logo, Lord Farquaad, Hands at Window.jpg",
1640150598305.png,Photograph - Person Wearing Black Balaclava With High-Heeled Shoes Attached.png,
1640663676043.jpg,"Photograph - Louis Armstrong Plays Trumpet For Wife Lucille By Sphinx, Egypt.jpg",
1640717765057.jpg,Photograph - Person in Bra with Laptop and Bottles in Concrete Pipe.jpg,
1641859506947.jpg,Photograph - Broken Smartphone Screen with Colorful Vertical and Horizontal Lines.jpg,
1646867258443.jpg,Photograph - Black and White Portrait of a Young Woman in Elaborate Headdress.jpg,
1654544826155.jpg,Photograph - Man With Backpack And Ice Axe Overlooking A Mountain Range.jpg,
1655608576584.png,"Photograph - Silhouetted Person Sitting in Dark, Empty Room with Bright Window.png",
1657316646650.png,Photograph - Young Man Attacking Politician on Stage by Mainichi Shimbun.png,
1657318793893.jpg,"Photograph - Tetsuya Yamagami, Shinzo Abe's Assassin, Apprehended by Security.jpg",
1659910852605225.jpg,Photograph - Aerial View of Hiroshima Peace Memorial After Atomic Bombing.jpg,
1662092337122733.jpg,Photograph - Blue House with Lit Windows at Night.jpg,
1666962815417159.jpg,Photograph - Man in Keffiyeh Playing Billiards.jpg,
1680778839062-ima008009.jpeg.webp,Photograph - Onsen I by Yusuke Yamatani.webp,
1680778899965-ima016.jpeg.webp,Photograph - Black And White Photograph Of Person Submerged In Water.webp,
1680778917970-ima026027.jpeg.webp,Photograph - Grainy Black And White Photo Of Four Blurry Figures.webp,
1714230121912375.jpg,Photograph - Crew Saluting on Sinking Japanese Aircraft Carrier Zuikaku.jpg,
1714230669956768.jpg,Photograph - Two Men Standing on a Large Pile of Buffalo Skulls.jpg,
1714232586692798.jpg,Photograph - Tree Growing Inside Abandoned Building in Chernobyl Exclusion Zone.jpg,
1714232604867874.jpg,"Photograph - Warship on Fire During Battle of Okinawa, Sailors on Deck.jpg",
1714232675990864.jpg,Photograph - Soldiers in Snowy Landscape with Explosions and Smoke During Battle.jpg,
1714233206196191.jpg,Image - Donald Trump Watches Boy Play With Fingerboard.jpg,
1714251101777233.jpg,Photograph - Soldiers Running Across Field with Helicopter and Washington Monument.jpg,
1714267173804236.jpg,Photograph - Black and White Photograph of a Gold Mine by Sebastião Salgado.jpg,
1714323905440450.jpg,Photograph - Race Car Number 7 Kicking Up Dust at 1906 Vanderbilt Cup.jpg,
1714334145459530.jpg,Photograph - The Ruins of Sikandar Bagh Palace Showing the Skeletal Remains.jpg,
1714399613161942.jpg,Photograph - Black And White Photo Of Soldiers Climbing Rocky Path With Sunbeams.jpg,
1714399681345272.jpg,"Photograph - WWI Soldiers Walk on Boardwalk Through Muddy, Destroyed Forest.jpg",
1714425511322616.jpg,Photograph - Soviet Military Parade in Red Square with Lenin Banner and Armored Vehicles.jpg,
1714455448014060.jpg,Photograph - Profile of Soldier in Green Cap Amidst Foliage and Rain.jpg,
1714505290870043.png,Photograph - Buddhist Monk Engulfed In Flames On A Street With Onlookers.png,
180913581_127556412765709_1144180134642286206_n.jpg,Photograph - Man Working on Large Industrial Machine with Wrench by Lewis Hine.jpg,
202112131445-main.cropped_1639381572.jpg,"Photograph - Soldier Standing Amidst Bodies and Boat, Nanjing Massacre.jpg",
21266614932_cf1a388196_b.jpg,Photograph - Lombard Street.jpg,
226192348_10220277890637972_2382098757685824163_n.jpg,Photograph - Black and White Photo of Person Diving Towards Water Reflection.jpg,
254972528_283287463806100_3463202423831714690_n.jpg,Photograph - Man and Woman Reflected in Glass Partition at Cafe.jpg,
255726861_10161484858398128_271362541008171646_n.jpg,Photograph - Bird Perched on Trash Can with Sky Reflected in Broken Mirrors. by Eric Kogan.jpg,
257778344_10158210713927401_68173542825849642_n.jpg,Photograph - Black And White Pigeons And Their Shadows On Ground.jpg,
258188953_10221261808602764_1282305869196889281_n.jpg,Photograph - Aerial View of Mirny Town and Mir Diamond Mine by Slava Stepanov.jpg,
269604510_302749478441440_7101274052867365308_n.jpg,Photograph - Green Leaves Appearing to Grow From White Building Walls.jpg,
269889614_10223889222073233_2572568299783634745_n.jpg,Photograph - Black and White Photo of Man Feeding Swans and Ducks by Marcin Ryczek.jpg,
270043157_4663556103760559_5201415635348953058_n.jpg,Photograph - Bare Tree Against Blue Sky With Cloud Resembling Foliage.jpg,
270050871_10222212702409843_4425241478718653541_n.jpg,Photograph - Man's Head Reflected With Traffic Lights In Window.jpg,
277807675_180274680997600_5495122507772564937_n.jpg,Image - Motorcyclist Doing Wheelie with Fibonacci Spiral Overlay.jpg,
284084610_533473414944109_8964759778544537227_n.jpg,Photograph - Tree Trunk and Roots Resembling a Human Figure.jpg,
287620993_2256118171211609_4671733738100703650_n.jpg,Photograph - Valley by MVRDV.jpg,
29598153_10214822493409722_8534416357308593276_n.jpg,Photograph - Trees with White Bands in a Grassy Landscape by Zander Olsen.jpg,
3000.jpg.webp,Photograph - Aerial View of Snowy Chicago Skyline and Frozen Lake Michigan.webp,
310640270_476833607809254_9188286642715311164_n.jpg,Photograph - Long Exposure Photograph of Bright Lights in Dark Desert Landscape.jpg,
338845705_156026420397831_3477019127377682884_n.jpg,"Photograph - Dark Landscape with Trees, Chair, and Streaking Lights.jpg",
402958.jpeg,Photograph - Black and White Photograph of Alligator with Human Legs by Helmut Newton.jpeg,
41372545_1069024689889008_7425160695643111424_n.jpg,Illustration - Surreal Aerial View of Train Yard with Curved Perspective by Aydin Buyuktas.jpg,
Chimpanzee_seated_at_typewriter.jpg,Photograph - Chimpanzee Seated At Typewriter On Wooden Table.jpg,
E3EtBs3VoAUj0aY.jpeg,Photograph - Lone Man Stands Before Column Of Tanks In Tiananmen Square.jpeg,
E9uUIEtVEAkfh0p.jpeg,Photograph - Malcolm X Peering Out Window With Rifle.jpeg,
E_rEX2TVgAES4RU.jpeg,Photograph - Silhouette of Person Falling From Broken Window With Shattered Glass.jpeg,
Es3wUJjUYAEwFo_.jpeg,Photograph - Office Chairs Lined Up in Ocean Surf on Beach.jpeg,
EuYfOvVVcAcOwve.jpeg,Photograph - UPS Truck Under Apocalyptic Red Sky From Wildfire Smoke.jpeg,
FAV7WvLVUAUbd6l.jpeg,Photograph - Black And White Photo Of Boy Looking Into Mirror.jpeg,
FB3oemNX0AIzTCf.jpeg,Photograph - Black and White Photograph of Crucifix on Utility Pole with Wires.jpeg,
FDZFcNzVcAkWat_.jpeg,Photograph - Three Custom-Built Extra-Long Limousines Parked on Asphalt.jpeg,
FEHYpcSVUAUGlR8.jpeg,Photograph - Keanu Reeves Shaking Hands On Set With Fake Wound.jpeg,
FEHYqnKUYAErtGr.jpeg,Photograph - Keanu Reeves as Neo Holding Rifle in Crouched Stance.jpeg,
FF2_yUjVgAYDJWl.jpeg,Photograph - White Building in Desert Landscape with Mountains and Cactus.jpeg,
FF3i0h1XoAIGh46.jpeg,Photograph - Keanu Reeves and Carrie-Anne Moss Promotional Photo for The Matrix.jpeg,
FF3i0hxX0AQMbTr.jpeg,Photograph - Keanu Reeves and Carrie-Anne Moss as Neo and Trinity.jpeg,
FI8nBe8VIAMYgYA.jpeg,Image - Soldier Dropping Grenade Down Stairwell by Danfung Dennis.jpeg,
FIrGcBqX0AElrXj.jpeg,Screenshot - Equilibrium.jpeg,
FIrOWBhVIAwjT-3.jpeg,Photograph - Two Figures in Black Leather Coats and Helmets with Rifle.jpeg,
FIzpDMbVUAAMD6q.jpeg,Photograph - People Posing With A Large Marble Sculpture In A Museum.jpeg,
FQpEsQwVQAIgC4a.jpeg,Photograph - Black and White Photo of Woman Licking Man in Balaclava.jpeg,
FRnCczDVgAA1gMP.jpeg,Photograph - Black Dog Looking Out Car Window At Rural Landscape.jpeg,
FT5RFuXUAAEF7Pr.jpeg,Photograph - Tall Pinkish Building with Signs and Bus in Urban Setting.jpeg,
FlyH6gDWAAAfFGe.png,Illustration - Distorted Aerial View of Farmhouse and Hay Bales by Aydın Büyüktaş.png,
IMG_0096.JPG,Photograph - Person Wearing Black T-Shirt With Anti-Brand List On Back.jpg,
IMG_0240.JPG,Photograph - Man Leaning Out of Car in Well of Death Attraction.jpg,
IMG_0245.JPG,Photograph - Intense Portrait of Man with Grey Body Paint by Yann Arthus-Bertrand.jpg,
IMG_0254 2.JPG,Photograph - Black and White Close-Up of an Eye with Finger.jpg,
IMG_0261.JPG,Photograph - Wooden Pergola Pillars with Striking Striped Shadows on Floor.jpg,
IMG_0334 2.JPG,Image - A Trumpet Modified With Tactical Weapon Parts And Scope.jpg,
IMG_0608.JPG,Photograph - Black and White Photo of Building Covered in Coats.jpg,
IMG_1040.JPG,Photograph - Person In Balaclava Holding Metal Chain With Chopsticks.jpg,
IMG_1301.JPG,"Photograph - Black and White Photograph of a Bridge, Water, and Birds Flying.jpg",
IMG_1329.JPG,Photograph - Vibrant Rainbow-Colored Cloud Formation in Blue Sky by Christa Harbig.jpg,
IMG_1454.JPG,Photograph - Hand Holding Ethernet Cable Against Tall Building.jpg,
IMG_1468.JPG,Photograph - Protester With Tennis Racket Returning Tear Gas Canister.jpg,
IMG_1531.JPG,Photograph - White Cat With Heterochromia Lying In Snow.jpg,
IMG_1703.JPG,Photograph - UPS Truck Under Apocalyptic Red Sky From Wildfires.jpg,
IMG_1840.JPG,Photograph - Two Ottoman Soldiers in White Winter Uniforms with Weapons.jpg,
IMG_1875.JPG,Photograph - Tobey Maguire With Long Hair Posing In Dark Coat by Bruce Weber.jpg,
IMG_1897.JPG,Illustration - Human Pyramid of Nude Figures in a Mountain Landscape by Rob Woodcox.jpg,
IMG_3820.JPG,Photograph - Grainy Black and White Photo of Person Watching Blurry Airplane.jpg,
IMG_3869.JPG,Photograph - Black and White Photograph of Margaret Kilgallen on Skateboard.jpg,
Moondog_1948.jpg,Photograph - Portrait of Moondog.jpg,
PIJHB2UOIII6DKMREMRATY3UOA.jpg,Photograph - People Pushing a Piano Off a Building Roof by Charles Brooks.jpg,
Paglen_they_watch_the_moon_2010_CourtesyofArtist.jpg,Limit Telephotography by Trevor Paglen (2010).jpg,
Parsifal_(1882_retuschiert).jpg,"Photograph - Three Costumed Figures, One Kneeling, One Standing, One Seated.jpg",
Screen Shot 2021-03-02 at 1.55.32 PM.png,Photograph - Close-up Portrait of Man in Fedora Hat.png,
Semen_and_Blood_III.jpg,Semen and Blood III by Andres Serrano (1990).jpg,
Solitude.jpg,Photograph - Person Sitting on Bench Overlooking Sea by P. S. Burton.jpg,
barney2.jpeg,Cremaster 1 by Matthew Barney (1996).jpeg,
blackshirts.jpg,Photograph - Rack of Black T-Shirts in a Store.jpg,
couple.jpg,Photograph - China After Mao—Couple Hiding Under a Bridge by Liu Heung Shing.jpg,
estrauhal_05 resized.jpg,Photograph - Scanned Black and White Film Strip of Cityscape and Tower.jpg,
gettyimages-488083785-1564755031.jpg,Photograph - Black and White Portrait of Andy Warhol Holding a Dachshund.jpg,
joseph-beuys-1979-E015HY.jpg,Photograph - Man in Fedora Hat and Vest.jpg,
maxresdefault-2.jpg,Photograph - Close-Up Portrait of Person with Blonde Hair and Purple Lipstick by Xinlisupreme.jpg,
piss christ.jpg,Piss Christ by Andres Serrano.jpg,
untitled vii.jpg,Photograph - Untitled VII (Ejaculate in Trajectory) by Andres Serrano.jpg,
